 outscale/data_source_outscale_access_key.go, ReadAccessKeys
 outscale/data_source_outscale_access_keys.go, ReadAccessKeys
 outscale/data_source_outscale_client_gateway.go, ReadClientGateways
 outscale/data_source_outscale_client_gateways.go, ReadClientGateways
 outscale/data_source_outscale_dhcp_option.go, ReadDhcpOptions
 outscale/data_source_outscale_dhcp_options.go, ReadDhcpOptions
 outscale/data_source_outscale_image.go, ReadImages
 outscale/data_source_outscale_images.go, ReadImages
 outscale/data_source_outscale_internet_service.go, ReadInternetServices
 outscale/data_source_outscale_internet_services.go, ReadInternetServices
 outscale/data_source_outscale_keypair.go, ReadKeypairs
 outscale/data_source_outscale_keypairs.go, ReadKeypairs
 outscale/data_source_outscale_load_balancer_listener_rule.go, ReadListenerRules
 outscale/data_source_outscale_load_balancer_listener_rules.go, ReadListenerRules
 outscale/data_source_outscale_load_balancer_vm_health.go, ReadVmsHealth
 outscale/data_source_outscale_load_balancer.go, ReadLoadBalancers
 outscale/data_source_outscale_load_balancers.go, ReadLoadBalancers
 outscale/data_source_outscale_load_balancer_listener_rule.go, ReadListenerRules
 outscale/data_source_outscale_load_balancer_listener_rules.go, ReadListenerRules
 outscale/data_source_outscale_nat_service.go, ReadNatServices
 outscale/data_source_outscale_nat_services.go, ReadNatServices
 outscale/data_source_outscale_net_attributes.go, ReadNets
 outscale/data_source_outscale_net_peering.go, ReadNetPeerings
 outscale/data_source_outscale_net_peerings.go, ReadNetPeerings
 outscale/data_source_outscale_net.go, ReadNets
 outscale/data_source_outscale_nets.go, ReadNets
 outscale/data_source_outscale_nic.go, ReadNics
 outscale/data_source_outscale_nics.go, ReadNics
 outscale/data_source_outscale_public_ip.go, ReadPublicIps
 outscale/data_source_outscale_public_ips.go, ReadPublicIps
 outscale/data_source_outscale_route_table.go, ReadRouteTables
 outscale/data_source_outscale_route_tables.go, ReadRouteTables
 outscale/data_source_outscale_security_group.go, ReadSecurityGroups
 outscale/data_source_outscale_security_groups.go, ReadSecurityGroups
 outscale/data_source_outscale_snapshot.go, ReadSnapshots
 outscale/data_source_outscale_snapshots.go, ReadSnapshots
 outscale/data_source_outscale_subnet.go, ReadSubnets
 outscale/data_source_outscale_subnets.go, ReadSubnets
 outscale/data_source_outscale_tag.go, ReadTags
 outscale/data_source_outscale_tags.go, ReadTags
 outscale/data_source_outscale_virtual_gateway.go, ReadVirtualGateways
 outscale/data_source_outscale_virtual_gateways.go, ReadVirtualGateways
 outscale/data_source_outscale_vm_state.go, ReadVmsState
 outscale/data_source_outscale_vm_states.go, ReadVmsState
 outscale/data_source_outscale_vm.go, ReadVms
 outscale/data_source_outscale_vms.go, ReadVms
 outscale/data_source_outscale_volume.go, ReadVolumes
 outscale/data_source_outscale_volumes.go, ReadVolumes
 outscale/data_source_outscale_vpn_connection.go, ReadVpnConnections
 outscale/data_source_outscale_vpn_connections.go, ReadVpnConnections
 outscale/resource_outscale_access_key.go, CreateAccessKey, UpdateAccessKey
 outscale/resource_outscale_client_gateway.go, CreateClientGateway
 outscale/resource_outscale_dhcp_option.go, CreateDhcpOptions
 outscale/resource_outscale_image_launch_permission.go, UpdateImage
 outscale/resource_outscale_image.go, CreateImage
 outscale/resource_outscale_internet_service_link.go, LinkInternetService
 outscale/resource_outscale_internet_service.go, CreateInternetService
 outscale/resource_outscale_keypair.go, CreateKeypair
 outscale/resource_outscale_load_balancer_attributes.go, UpdateLoadBalancer
 outscale/resource_outscale_load_balancer_listener_rule.go, CreateListenerRule
 outscale/resource_outscale_load_balancer_policy.go, CreateLoadBalancerPolicy
 outscale/resource_outscale_load_balancer_vms.go, RegisterVmsInLoadBalancer
 outscale/resource_outscale_load_balancer.go, CreateLoadBalancer
 outscale/resource_outscale_nat_service.go, CreateNatService
 outscale/resource_outscale_net_attributes.go, UpdateNet
 outscale/resource_outscale_net_peering_acceptation.go, AcceptNetPeering
 outscale/resource_outscale_net_peering.go, CreateNetPeering
 outscale/resource_outscale_net.go, CreateNet
 outscale/resource_outscale_nic_link.go, LinkNic
 outscale/resource_outscale_nic_private_ip.go, LinkPrivateIps
 outscale/resource_outscale_nic.go, CreateNic
 outscale/resource_outscale_public_ip_link.go, LinkPublicIp
 outscale/resource_outscale_public_ip.go, CreatePublicIp
 outscale/resource_outscale_route_table_link.go, LinkRouteTable
 outscale/resource_outscale_route_table.go, CreateRouteTable
 outscale/resource_outscale_route.go, CreateRoute
 outscale/resource_outscale_security_group_rule.go, CreateSecurityGroupRule
 outscale/resource_outscale_security_group.go, CreateSecurityGroup
 outscale/resource_outscale_snapshot_attributes.go, UpdateSnapshot
 outscale/resource_outscale_snapshot.go, CreateSnapshot
 outscale/resource_outscale_subnet.go, CreateSubnet
 outscale/resource_outscale_tags.go, CreateTags
 outscale/resource_outscale_virtual_gateway_link.go, LinkVirtualGateway
 outscale/resource_outscale_virtual_gateway_route_propagation.go, UpdateRoutePropagation
 outscale/resource_outscale_virtual_gateway.go, CreateVirtualGateway
 outscale/resource_outscale_vm.go, CreateVms
 outscale/resource_outscale_volume_link.go, LinkVolume
 outscale/resource_outscale_volume.go, CreateVolume
 outscale/resource_outscale_vpn_connection_route.go, CreateVpnConnectionRoute
 outscale/resource_outscale_vpn_connection.go, CreateVpnConnection